2020-01-22,#武汉对进出城车辆人员实施疫情排查#,【不漏一车不漏一人！#武汉对进出城车辆人员实施疫情排查#】#武汉排查进出城车辆人员#为有效应对新型冠状病毒感染的肺炎疫情，武汉市决定即日起（22日）全市启动进出城道口重大疫情排查防控工作，依法依规对过往车辆及人员实施疫情排查防控。市指挥部要求各区依托全市公安检查站设置疫情检测点，严格筛查检测，坚决防止疫情输出扩散风险。http://t.cn/A6vsfuCa,830,56819,3570,https://weibo.cn/comment/hot/IqHKm9Vds?rl=2
2020-01-22,#武汉教育局回应中小学能否按期开学#,【#武汉教育局回应中小学能否按期开学#】今天，武汉市教育局发布《致全市中小学师生及家长的一封信》，倡议做好防护工作。对于2020年春季，各中小学校和市属高校能否按期开学，武汉教育局回应：将根据疫情发展和防控情况，按照统一部署，会商市卫健委，并报告上级教育主管部门。如确需调整，将及时通过官方网站、微博、媒体等渠道及时告知家长和社会。（范昊天）,2721,913309,19482,https://weibo.cn/comment/hot/IqFTnDiDn?rl=2
2020-01-22,#教育部部署疫情防控工作#,【#教育部部署疫情防控工作#：#学校非必要不举办聚集性活动#】21日，教育部发出通知要求教育系统做好新型冠状病毒感染的肺炎疫情防控工作。通知要求，非必要不举办聚集性活动，切实落实学校传染病防控各项要求。发生疫情地区的教育行政部门，要制定严谨周密的防控方案，根据疫情发展情况，做好开学师生返校预案及相关准备工作。http://t.cn/A6vkRnVh,1269,132084,4787,https://weibo.cn/comment/hot/IqFs82MCO?rl=2
2020-01-22,#北京严查借疫情防疫之机哄抬物价#,【#北京严查借疫情防疫之机哄抬物价#行为】北京市场监管部门22日宣布已部署开展全面价格监管工作，严肃查处借疫情防疫之机囤积居奇、捏造散布涨价信息、哄抬物价等扰乱市场价格秩序的价格违法行为。欢迎广大市民积极拔打12345进行投诉举报，一经查实，监管部门将依法严肃处理，对情节恶劣的典型案件，将公开曝光。（林丽鹂）,1378,146622,6367,https://weibo.cn/comment/hot/IqFiJ2f4g?rl=2
2020-01-22,#武汉女医生的现代版与夫书#,【请战新型肺炎！#武汉女医生的现代版与夫书#】“此事我没有告知明昌。个人觉得不需要告诉，本来处处都是战场！”18日，随着疫情全面发展，武汉大学人民医院呼吸与危重症医学科女医生张旃副教授书写现代版“与夫书”。写下请战书之时，张旃特别注明，此事没有告知自己的丈夫——同在武汉大学人民医院工作的李明昌教授。2003年，张旃就曾参加抗击非典，她就职的医院承担了大量SARS病人救治工作。转发致敬，等待你们平安归来！（程远州 杜巍巍）http://t.cn/A6vDX4vh,9175,277853,6745,https://weibo.cn/comment/hot/IqDTLsntn?rl=2
2020-01-22,#国家卫健委回应春运期间传播风险#,【#国家卫健委回应春运期间传播风险#：启动联防联控机制，加大疫情防控力度】结合当前新型冠状病毒感染肺炎防控的形势，针对春节期间人群流动大的特点，中国政府将新型冠状病毒感染肺炎疫情防控上升到国家层面，作出制度性安排，果断启动联防联控机制，加大疫情防控力度，成立了由国家卫生健康委牵头、32个部门组成的应对新型冠状病毒感染的肺炎联防联控工作机制。 http://t.cn/A6vDLPWp,442,8819,919,https://weibo.cn/comment/hot/IqDBNus8y?rl=2
2020-01-22,#新型肺炎病毒存在变异可能#,【国家卫健委：#新型肺炎病毒存在变异可能#】专家研判认为，病例主要与武汉相关，已经出现了人传人和医务人员感染，存在一定范围的社区传播。疫情传播途径以呼吸道传播为主，病毒存在变异的可能，疫情存在着进一步扩散的风险。当前，正值春运，人员流动性激增，客观上加大了疫情传播的风险和防控的难度，绝不能掉以轻心，要高度警惕。 http://t.cn/A6vegipK,6814,946076,21163,https://weibo.cn/comment/hot/IqDopbxrV?rl=2
2020-01-22,#江西确诊2例新型肺炎#,【#江西确诊2例新型肺炎#病例 患者曾到武汉】据江西省卫生健康委通报22日凌晨通报，1月21日，国家卫生健康委确认我省首例输入性新型冠状病毒感染的肺炎确诊病例。患者罗某某，男，56岁，抚州市东乡区人。2019年12月20日赴武汉市进货，2020年1月9日返回东乡区。1月10日，因发热、咳嗽等症状入院隔离治疗。1月21日，经国家卫生健康委疫情领导小组下设的诊断组专家确认为新型冠状病毒感染的肺炎确诊病例。目前，患者属重症病例，其密切接触者43人均在医学观察中。1月21日，按照《新型冠状病毒感染的肺炎诊疗方案》（试行第二版）规定，省级专家组确认我省第２例新型冠状病毒感染的肺炎确诊病例。患者陈某某，男，50岁，萍乡市湘东区人，曾到武汉市从事活禽交易工作。2020年1月2日返回湘东区。1月10日，因发热、咳嗽等症状入院隔离治疗。目前，患者属重症病例，但病情趋向好转，其6名密切接触者均实施医学观察，无异常。截至1月21日23时，江西省共确认新型冠状病毒感染的肺炎确诊病例2例。（本报记者王丹）,494,16526,1326,https://weibo.cn/comment/hot/IqBKznJTr?rl=2
2020-01-21,#昆明确诊首例新型肺炎病例#,【#昆明确诊首例新型肺炎病例#】患者为51岁男性，湖北省武汉市户籍。15日自武汉来昆。因发热、乏力等症状，16日到云南省第三人民医院就诊，17日转诊到云南省传染病医院隔离治疗。今天，经国家卫生健康委疫情应对处置领导小组的专家评估确认，该病例为新型冠状病毒感染的肺炎确诊病例。经医院治疗，患者病情稳定好转。与患者密切接触者均追踪到位，经医学观察未见异常。,1595,91820,5186,https://weibo.cn/comment/hot/IqzhUd9xt?rl=2
2020-01-21,#广东打击哄抬口罩价格行为#,【#广东打击哄抬口罩价格行为# 】广东省市场监管局21日通报，为保障新型冠状病毒感染引发的肺炎相关防控医药产品的价格稳定，目前广东已全面开展巡查、检查和提醒告诫，要求零售药店明码标价，不跟风涨价。#广东打击哄抬口罩等防控医药用品价格行为 #　　受新型冠状病毒感染的肺炎疫情影响，广东省部分地市出现口罩等防控医药用品热销现象。　　21日，广东省市场监管局会同相关行业协会召开提醒告诫会，要求相关医药销售公司、连锁企业采取措施保障供应，加强价格自律，稳定相关医药用品价格。　　广东省市场监管局要求各地立即组织执法力量，加大巡查力度，及时处理投诉举报，坚决打击捏造、散布涨价信息，哄抬价格，推动价格过高上涨等不正当价格行为。,3804,280532,8488,https://weibo.cn/comment/hot/Iqz6ikCxz?rl=2
2020-01-21,#武汉给市民朋友的一封信#,【#武汉给市民朋友的一封信#：#你能我能武汉能#[加油]】市民朋友们：自我市发现新型冠状病毒感染的肺炎病例以来，一场关系到每一位市民生命健康的疫情防控战已经打响。面对这场突如其来的疫情，广大市民理性对待，积极支持和参与防控工作，特别是广大医护人员，夜以继日地奋战在救治工作第一线，展现出高尚的医德和无私奉献的精神。在此，向广大市民表示衷心的感谢，向广大医护工作者致以崇高的敬意！疫情发生后，党中央、国务院非常重视，习近平总书记作出重要指示，李克强总理作出批示，为我们全面做好疫情防控工作，指明了方向，坚定了信心。国家卫健委的专家组一直在汉开展工作。目前，全市防控工作正按照统一部署有序展开。但疫情防控形势依然严峻，防控疫情，人人有责，每个人都可以为防控出力：出门戴口罩，不要不习惯；勤洗手，不要嫌麻烦；常通风，不要不当回事；不随地吐痰，不乱扔乱倒；少去人多的地方，没有要紧的事不离开武汉；不信谣，不传谣；如果感觉不适，要及时去医院就诊，等等。武汉是一座勇于面对困难、不断战胜困难的城市，类似的情况，我们不是第一次遇到。1998年迎战特大洪水、2003年抗击“非典”，我们一路走过，战果出色。面对新型冠状病毒感染的肺炎疫情，我们坚信，有习近平总书记的亲切关怀，有党中央、国务院的坚强领导和决策部署，有省委省政府的周密安排，我们万众一心、众志成城，认真做好各项防控防护工作，就一定能够打赢这场疫情防控战。从我做起，从现在做起，从每一个卫生习惯做起，你能，我能，武汉能！中共武汉市委武汉市人民政府2020年1月21日,112331,1339063,151221,https://weibo.cn/comment/hot/IqyHisK4l?rl=2
2020-01-21,#韩国10例新型肺炎疑似病例全部解除隔离#,【#韩国10例新型肺炎疑似病例全部解除隔离#】韩国疾病管理本部21日表示，当天有3例新型冠状病毒肺炎疑似病例的检测结果呈阴性，至此，从3日起至今报告的10例疑似病例均呈阴性，全部解除隔离。目前，韩国有1例确诊病例，该患者在指定医疗机构接受隔离治疗。与这名确诊患者有过接触且在韩国境内的35人以及其他14名观察对象也正在接受相应的疾病监测。为防范新型冠状病毒肺炎疫情扩散，目前韩国各地机场和港口已加强防疫措施。其中，从武汉飞往仁川国际机场的航班将使用专用到达口，机场消毒次数也增至平日的两倍；清州国际机场检疫部门也加大对入境旅客的检疫力度，将红外线测温仪的体温筛查标准由平时的37.5度降到更低，超标者需另接受手持测温仪检测。,274,8150,543,https://weibo.cn/comment/hot/IqybMorZQ?rl=2
2020-01-21,#对确诊新型肺炎患者采取特殊报销政策#,【国家医保局：#对确诊新型肺炎患者采取特殊报销政策#】针对此次疫情特点，医保局决定对确诊为“新型冠状病毒感染肺炎”等患者采取特殊报销政策。#新型肺炎异地就医患者先救治后结算#一是将国家卫生健康委《新型冠状病毒感染的肺炎诊疗方案》覆盖的药品和医疗服务项目，全部临时纳入医保基金支付范围。二是保证及时支付患者费用，特别是发挥医疗救助资金的兜底保障作用，打消患者就医顾虑。对异地就医患者先救治后结算，报销不再执行异地转外就医支付比例调减规定，减少患者流动带来的传染风险。三是对集中收治的医院，医保部门将预付资金减轻医院垫付压力，患者医疗费用不再纳入医院总额预算控制指标。,558,6720,716,https://weibo.cn/comment/hot/IqxUJ8EgQ?rl=2
2020-01-21,#专家解读四个原因造成新增病例增多#,【#专家解读四个原因造成新增病例增多#】21日，武汉市新型冠状病毒感染的肺炎疫情防控指挥部召开新闻发布会。1月18日以来#新型肺炎新增病例增多原因#主要有四个：一是设置了更多更规范的发热门诊，武汉市所有二级以上的医疗机构都设置了发热门诊，并公布了全部61个发热门诊的电话号码；二是检测试剂发挥了作用，1月16日国家卫健委授权武汉市疾控中心使用以来，技术不断提高，检测准确率不断提高；三是武汉组织了专家组到各个发热门诊现场接诊，接诊后各区各定点医院专家集中讨论，更准确更快速地确诊病例；四是市民就诊的意识提高，以前市民出现咳嗽发烧一般是自己买药回家吃，现在基本上第一时间会去发热门诊就诊。（本报记者 程远州）,640,16470,1152,https://weibo.cn/comment/hot/IqxH7wPOe?rl=2
2020-01-21,#铁路部门免收到达离开武汉车票退票手续费#,【#铁路部门免收到达离开武汉车票退票手续费#】#到达离开武汉火车票退票免收手续费#适应武汉市卫生防疫工作的部署要求，回应旅客诉愿，铁路部门决定：自即时起至2020年1月24日24:00止，在车站、12306网站等各渠道，已购买武汉出发和到达的各次列车火车票的旅客，自愿改变出行需退票的，铁路部门均不收取退票手续费，购买乘意险的一同办理，包括票面到站或发站为武汉市范围内武汉、汉口、武昌、南湖东、汤逊湖、庙山、普安、纸坊东、后湖、金银潭、天河机场、天河街、花山南、左岭、乌龙泉南、土地堂东、山坡东站。铁路部门将根据疫情变化，在卫生防疫部门指导下，及时采取有力措施，做好疫情防控工作，保护旅客身体健康。,579,18133,1841,https://weibo.cn/comment/hot/Iqx5p0ZcO?rl=2
2020-01-21,#浙江确诊首例新型冠状病毒感染肺炎#,【#浙江确诊首例新型冠状病毒感染肺炎#：自武汉前往温州】今天，浙江确认首例输入性新型冠状病毒感染的肺炎确诊病例。患者为男性，46岁，长期居住武汉市。1月3日自武汉自驾前往温州，1月4日出现发热症状遂就诊，于1月17日在温州定点医院进行隔离治疗。现患者病情稳定，其密切接触者均在医学观察中。 ,461,10175,1026,https://weibo.cn/comment/hot/IqwNexqlO?rl=2
2020-01-21,#武汉校外培训机构停课#,【#武汉校外培训机构停课#预防疫情】记者从武汉市民办教育协会了解到，20日，该协会接到武汉市教育行政部门口头提示，建议校外培训机构采取有效措施，预防新型冠状病毒感染引起的肺炎疫情在学员中蔓延。武汉市民办教育协会立刻对所有会员单位广发通知：“各会员单位，大家好！近期为有效防控疫情，请各会员单位于明日起暂停各类培训教学活动。在此过程中，务必耐心做好学员及家长的沟通服务工作。如存在退费或者补课需求，请各会员单位结合实际情况，充分保障客户权益。节后具体安排，届时结合教育行政主管部门的相关要求协会做进一步传达。”21日，武汉新东方、新航道、学而思等协会内100余家校外培训机构基本停课。（田豆豆）,432,12349,826,https://weibo.cn/comment/hot/IqwF8w0cF?rl=2
2020-01-21,#中方将参加世卫组织会议研判肺炎疫情#,【#中方将参加世卫组织会议研判肺炎疫情#】针对记者提问：#世卫组织将召集紧急会议评估肺炎疫情#，中方是否会派代表出席会议？外交部发言人耿爽回答：新型冠状病毒感染的肺炎疫情发生后，中国政府高度重视，对新型冠状病毒感染的肺炎疫情防控工作进行了全面的部署，同时本着公开、透明以及对全球卫生安全高度负责的态度，中方有关部门及时向世卫组织、有关国家和地区组织以及港澳台地区通报疫情信息，第一时间分享了新型冠状病毒基因序列信息。        根据我的了解，北京时间22日晚，中方将会应世卫组织的邀请，与其他受疫情影响的国家一道，参加国际卫生条例突发事件委员会会议。与会各国、世卫组织以及有关的专家，将在会上分享疫情信息，并对疫情进行科学研判。中方愿意继续深化国际合作，与国际社会携手应对疫情，共同维护地区和全球的卫生安全。（肖新新）,311,8803,789,https://weibo.cn/comment/hot/Iqw41d5LA?rl=2
2020-01-21,#武汉实施进出武汉人员管控#,【#武汉实施进出武汉人员管控# 遏制疫情扩散】记者从武汉市卫健委获悉：为坚决遏制新型冠状病毒感染引起的肺炎疫情扩散，武汉市对进出武汉人员加强管控。武汉市旅游团队不组团外出，公安交管部门对进出武汉的私家车辆进行抽检，检查后备箱是否携带活禽、野生动物等。武汉加强了对公共场所及公共交通的管理，自1月14日起，在机场、火车站、长途汽车站、客运码头迅速安装红外线测温仪35台，配备手持红外线测温仪300余台，各区正在陆续加大配备力度；在“三站一场”设置体温检测点、排查点，加强离汉旅客体温检测工作；对出现发热的旅客进行登记、发放宣传册和口罩、免费办理退票或改签手续、指导转诊到辖区医疗机构，并进行登记报告。1月19日，武汉再次部署出境离汉人员检测排查工作。同时，对市内公共交通工具强化进行“日消毒”和“每班次通风”。（人民日报记者程远州）#武汉成立疫情防控指挥部#,14726,1125764,39177,https://weibo.cn/comment/hot/IqvyXd1px?rl=2
2020-01-21,#新型冠状病毒肺炎纳入法定传染病#,#新型冠状病毒肺炎纳入法定传染病#【#武汉成立肺炎疫情防控指挥部#：升级防控措施，坚决遏制疫情蔓延】武汉市成立市新型冠状病毒感染的肺炎疫情防控指挥部，统一领导、指挥全市疫情防控工作。指挥部下设应急保障、宣传、交通、市场、医疗救治、疫情防控、社区、综合等8个工作小组。对重症患者“一人一方案”“一人一团队”，确保轻症患者尽快治愈出院；强化医务人员防护，严格控制医院感染。加强农（集）贸市场及各类经营场所监管力度，把好相关市场关闭、野生动物管控和机场、车站、码头等体温筛检关口，尽量减少或取消一切不必要的大型公众集会，协调各方资源加强物资储备和供应，确保疫情“早发现、早报告、早隔离、早治疗”。及时公开透明向社会通报疫情态势和防控工作进展，统一发布权威信息，普及防控知识，最大限度消除社会恐慌。引导市民勤洗手、戴口罩，养成良好的公共卫生行为规范。（武汉发布）#武汉成立疫情防控指挥部#,1761,90752,4476,https://weibo.cn/comment/hot/Iqtn545sR?rl=2
2020-01-21,#新型冠状病毒肺炎采取甲类传染病防控措施#,【#新型冠状病毒肺炎采取甲类传染病防控措施#】报国务院批准同意，国家卫生健康委决定将新型冠状病毒感染的肺炎纳入法定传染病乙类管理，采取甲类传染病的预防、控制措施。#新型冠状病毒肺炎纳入法定传染病#管理，各级人民政府、卫生健康行政部门、其他政府部门、医疗卫生机构可以依法采取病人隔离治疗、密切接触者隔离医学观察等系列防控措施，共同预防控制新型冠状病毒感染的肺炎疫情的传播。http://t.cn/A6vucQ2V,8623,420848,17234,https://weibo.cn/comment/hot/IqsLy4dW6?rl=2
2020-01-20,#14名医护人员感染新型冠状病毒肺炎#,【#14名医护人员感染新型冠状病毒肺炎#】针对“新型冠状病毒感染的肺炎疫情”有关防控情况，国家卫健委高级别专家组组长钟南山院士、国家卫健委高级别专家组成员高福、李兰娟、袁国勇、曾光等今天就公众关心的问题回答记者提问。钟南山院士表示，目前疫情有三个特点：①95%以上都跟武汉有关系；②证实有人传染；③有医务人员的感染。  http://t.cn/A6vmWFsZ,7459,93153,4044,https://weibo.cn/comment/hot/IqpJvqseJ?rl=2
2020-01-20,#广东确认新增13例新型冠状病毒感染肺炎#,【#广东确认新增13例新型冠状病毒感染肺炎# 深圳新增8例】国家卫生健康委确认广东省首例输入性新型冠状病毒感染的肺炎确诊病例后，1月20日，广东省专家组根据《国家卫生健康委办公厅关于印发新型冠状病毒感染的肺炎诊疗方案（试行第二版）》，结合患者流行病学调查、临床表现和病原学检测结果，确认新增13例新型冠状病毒感染的肺炎确诊病例。       新增病例分布如下：深圳8例、珠海3例、湛江、惠州各1例，均收治在当地定点医疗机构隔离治疗。其中，男性8例、女性5例；60岁以上老人8例，青壮年4例，10岁儿童1例。11例病例有武汉居住或旅行史，2例与病例有密切接触史。首发症状大多为发热、咳嗽（干咳为主）、乏力、胸闷、呼吸困难等。重症4例，危重症2例，无死亡病例。广东省已对密切接触者进行追踪随访，目前暂无异常。       专家研判认为当前疫情仍可防可控，现已进入春运高峰，人员大规模流动，新型冠状病毒感染的肺炎疫情传播风险可能持续增加。专家提醒，目前冬春季呼吸道传染病高发季节，市民要注意室内通风，也要注意防寒保暖，勤洗手，注意个人卫生，加强体育锻炼，避免到人群密集场所活动。有咳嗽、喷嚏时戴口罩或用纸巾、衣物遮挡口鼻，以减少病菌传播。如有发热、呼吸道感染症状，要及时到医疗机构就诊。,969,6692,1015,https://weibo.cn/comment/hot/IqoycpfWU?rl=2
2020-01-20,#上海确诊1例新型冠状病毒感染肺炎#,【#上海确诊1例新型冠状病毒感染肺炎# 自武汉来沪】1月20日晚，国家卫生健康委确认上海市首例输入性新型冠状病毒感染的肺炎确诊病例。患者为56岁女性，湖北省武汉市户籍。1月12日自武汉来沪后，因发热、乏力等症状，于1月15日在本市一发热门诊就诊后即被收治入院隔离治疗。经上海市疾控部门检测，并经中国疾控中心复核，新型冠状病毒核酸检测结果为阳性。1月20日，经国家卫健委疫情应对处置领导小组的专家评估确认，该病例为新型冠状病毒感染的肺炎确诊病例。现患者体温正常，生命体征平稳，其2名在沪密切接触者正在医学观察。,714,10979,1336,https://weibo.cn/comment/hot/IqoiCa5iv?rl=2
2020-01-20,#外交部回应新型冠状病毒感染肺炎疫情#,【#外交部回应新型冠状病毒感染肺炎疫情#：将同各方携手应对疫情】武汉卫健委20日通报，1月18日和19日新确诊新型冠状病毒感染的肺炎病例共136例。20日中国外交部例行记者会上，有外媒提问中方正在采取哪些措施应对疫情。       耿爽回应：中方一直在采取措施来积极地处置疫情，制定严密的防控方案，全力地救治患者；同时也做好密切接触者的管理。根据我们向有关部门了解，目前日本，泰国，韩国已经向中方通报了新型冠状病毒感染确诊病例的情况，中方也与这些国家保持着密切的沟通合作，共同做好病人的救治以及疫情的防控工作。你刚才提到中方会采取哪些措施来防止疫情的扩散，目前武汉的地方政府已经采取了出境离汉人员管控措施，具体的情况建议你向主管部门和有关的地方政府去了解。       中方本着负责任的态度，及时向世界卫生组织有关国家和地区组织以及港澳台地区通报疫情信息，并保持密切沟通，我们第一时间向世界卫生组织分享了新型冠状病毒的基因序列信息，在接到有关国家相关病例的通报后，中方高度重视通过双多边渠道与各方保持密切沟通，加强合作，全力应对。如果其他国家也发现相关的疑似输入性病例，我们欢迎第一时间通过官方渠道向中方通报情况，促进联防联控。我们将同各方一道携手应对疫情，共同维护地区和全球的卫生安全。（韩晓明）,2988,291801,9741,https://weibo.cn/comment/hot/IqmyrEsiq?rl=2
2020-01-20,#广东确诊1例新型冠状病毒肺炎病例#,【#广东确诊1例新型冠状病毒肺炎病例#】据广东省卫健委：1月19日，国家卫生健康委确认我省首例输入性新型冠状病毒感染的肺炎确诊病例。　　患者为66岁男性，现居深圳，2019年12月29日赴武汉探亲，2020年1月3日出现发热、乏力等症状，1月4日返深后就诊，1月11日转至深圳市定点医院隔离治疗。经省、市疾控中心采用优化后的检测试剂盒检测，呈新型冠状病毒核酸阳性。1月18日，标本送至中国疾控中心进行病毒核酸复核检测，结果为阳性。1月19日，经国家卫生健康委疫情领导小组下设的诊断组专家，结合《新型冠状病毒感染的肺炎诊疗方案（试行第二版）》内容，对该病例进行评估确认，专家组一致同意将该病例确认为新型冠状病毒感染的肺炎确诊病例。现患者病情稳定。我省已对密切接触者进行追踪随访。　　当前，我省正全力救治患者，深入开展流行病学调查，加强密切接触者跟踪管理，强化发热门诊预检分诊，规范开展对可疑病例的监测、筛查、诊断治疗和处置工作，深入开展爱国卫生运动，加强环境整治，做好农贸市场管理，取缔违法售卖野生动物行为，全面落实各项防控措施。　　专家研判认为，当前疫情仍可防可控。专家提醒，目前正处于冬春季呼吸道传染病高发季节，市民要做好个人卫生防护，注意保持室内环境卫生和空气流通，尽量减少到空气不流通或人流密集的公众场合活动，如有发热、呼吸道感染症状，请及时到医疗机构就诊。http://t.cn/A6vQ4ZVD,1147,6514,1372,https://weibo.cn/comment/hot/IqhJNhtXg?rl=2
2020-01-19,#新型冠状病毒不排除有限人传人的可能#,【武汉市疾病预防控制中心主任李刚：疫情可防可控 #新型冠状病毒不排除有限人传人的可能#】19日，武汉市疾病预防控制中心主任、主任医师李刚介绍，累计追踪到的763名密切接触者中，已解除医学观察681人，密切接触者中暂未发现相关病例。目前综合判断，对本次的疫情初步印象是#新型冠状病毒传染力不强#，不排除有限人传人的可能，但持续人传人的风险较低。随着各项防控措施的实施与落实，疫情是可防可控的。http://t.cn/A6vl6Blc,2818,16192,2815,https://weibo.cn/comment/hot/IqbaTDCNU?rl=2
2020-01-15,#武汉肺炎不能排除有限人传人可能#,【#武汉肺炎不能排除有限人传人可能#，但持续人传人风险较低】15日，武汉卫健委在官网发布新型冠状病例感染的肺炎疫情知识问答。现有的调查结果表明，尚未发现明确的人传人证据， #武汉肺炎不排除有限人传人可能#，但持续人传人的风险较低。目前，正结合临床和流行病学资料开展进一步研究。此外泰国发现1例新型冠状病毒病例为武汉游客，更多最新情况戳↓↓ http://t.cn/A6vGKj7F,872,4829,752,https://weibo.cn/comment/hot/IpyuNsHyO?rl=2
2020-01-11,#五问武汉不明原因肺炎#,【#五问武汉不明原因肺炎#】#专家解读武汉不明原因肺炎#    ①问：本次疫情病例是怎样诊断的？    答：根据患者临床表现、流行病学史和病原学检测结果综合研判。    ②问：本次疫情病例临床表现上有什么特点？                        答：临床表现为发热、乏力等全身症状，伴有干咳，住院患者呼吸困难较为常见。绝大多数患者入院时生命体征大致平稳。    ③问：目前出现一例死亡病例，具体是什么情况？    答：患者为男性，61岁，因呼吸衰竭、重症肺炎入院，同时患有腹部肿瘤及慢性肝病。该患者常年在武汉市华南海鲜市场采购货物。入院后给予对症支持、抗感染、呼吸机辅助呼吸、持续ECMO体外生命支持等治疗后，症状无好转，于2020年1月9日晚心跳停止，经抢救无效死亡。病原学检测结果提示新型冠状病毒核酸阳性。死亡诊断为重症肺炎，急性呼吸窘迫综合征（重度），脓毒性休克，多器官功能衰竭，严重酸碱代谢紊乱，肝硬化。直接死亡原因为呼吸循环衰竭。    ④问：通报中说“自2020年1月3日以来未发现新发病例”，这意味着什么？    答：根据国家、省市专家的流行病学调查，这次武汉不明原因的病毒性肺炎病例发病全部在2019年12月8日到2020年1月2日之间。自2020年1月3日以后，临床和流行病学调查显示，没有发现新感染发病的病人。    ⑤问：如何理解“未发现明确的人传人证据”？    答：根据国家、省市专家的流行病学调查显示，这次武汉不明原因的病毒性肺炎病例大部分都有华南海鲜市场暴露史，目前没有发现明确的人传人证据。我们还在进一步开展流行病学调查和相关的实验室检验检测。另外，截止目前所有密切接触者包括医务人员都未发现相关病例。http://t.cn/AisnTAz0,812,6338,547,https://weibo.cn/comment/hot/IoXuCg8QS?rl=2
2020-01-11,#专家解读武汉不明原因肺炎#,【#专家解读武汉不明原因肺炎#：致病性较弱，情况可控】近日引起广泛关注的武汉不明原因的病毒性肺炎已初步判定是由一种新型冠状病毒引起。国家医疗专家组专家、北京大学第一医院呼吸和危重症医学科主任医师王广发称，目前来看该病毒的致病性较弱，病患病情和整体疫情处于可控状态。王广发介绍，确定病原对于疾病防治来说是个里程碑式的进展，初步认定了病原体，不仅可以用于临床甄别，设计PCR检测试剂盒，而且对后续的治疗方案和疫情防控都很重要。和一般性的细菌性肺炎相比，目前该病患者除了发烧、咳嗽之外，痰不多、白细胞不太多，有些病人出现淋巴细胞减少情况，胸部影像中双肺呈现散在的毛玻璃斑片状阴影，具有一定的特征。王广发称，目前已公布的患者中，已有部分康复出院，说明该病毒致病性比较弱，病情可控。不过他也认为，目前专家组对该病毒的认识仍在摸索阶段，未来是否会有新的变化仍需要进一步观察研究。（人民日报记者程远州）,521,4734,615,https://weibo.cn/comment/hot/IoWcBwB0d?rl=2
2020-01-03,#武汉发现不明原因病毒性肺炎重症11例#,【武汉卫健委：#武汉发现不明原因病毒性肺炎重症11例#】3日，#武汉卫健委通报不明原因肺炎#：2019年12月以来，我委开展呼吸道疾病及相关疾病监测，发现不明原因的病毒性肺炎病例，病例临床表现主要为发热，少数病人呼吸困难，胸片呈双肺浸润性病灶。截至2020年1月3日8时，共发现符合不明原因的病毒性肺炎诊断患者44例，其中重症11例，其余患者生命体征总体稳定。目前所有病例均在武汉市医疗机构接受隔离治疗，已经追踪到121名密切接触者并行医学观察，密切接触者的追踪工作仍在进行中。流行病学调查显示，部分病例为武汉市华南海鲜城经营户。截至目前，初步调查表明，未发现明显的人传人证据，未发现医务人员感染。病原鉴定（包括核酸检测和病毒分离培养）和病因溯源工作正在进行中，已排除流感、禽流感、腺病毒感染等常见呼吸道疾病。疫情发生后，国家和省卫生健康委高度重视，派出工作组和专家组赴武汉市，指导当地开展疫情应对和处置工作。武汉市卫生健康委在全市医疗机构开展相关病例搜索和回顾性调查，已完成对华南海鲜城的环境卫生处置工作，进一步的卫生学调查正在进行中。,3405,79181,7017,https://weibo.cn/comment/hot/InMVu0WYx?rl=2
2020-01-19,#新型冠状病毒不排除有限人传人的可能#,【武汉市疾病预防控制中心主任李刚：疫情可防可控 #新型冠状病毒不排除有限人传人的可能#】19日，武汉市疾病预防控制中心主任、主任医师李刚介绍，累计追踪到的763名密切接触者中，已解除医学观察681人，密切接触者中暂未发现相关病例。目前综合判断，对本次的疫情初步印象是#新型冠状病毒传染力不强#，不排除有限人传人的可能，但持续人传人的风险较低。随着各项防控措施的实施与落实，疫情是可防可控的。http://t.cn/A6vl6Blc,2818,16201,2816,https://weibo.cn/comment/hot/IqbaTDCNU?rl=2
2020-01-15,#武汉肺炎不能排除有限人传人可能#,【#武汉肺炎不能排除有限人传人可能#，但持续人传人风险较低】15日，武汉卫健委在官网发布新型冠状病例感染的肺炎疫情知识问答。现有的调查结果表明，尚未发现明确的人传人证据， #武汉肺炎不排除有限人传人可能#，但持续人传人的风险较低。目前，正结合临床和流行病学资料开展进一步研究。此外泰国发现1例新型冠状病毒病例为武汉游客，更多最新情况戳↓↓ http://t.cn/A6vGKj7F,872,4829,752,https://weibo.cn/comment/hot/IpyuNsHyO?rl=2
2020-01-11,#五问武汉不明原因肺炎#,【#五问武汉不明原因肺炎#】#专家解读武汉不明原因肺炎#    ①问：本次疫情病例是怎样诊断的？    答：根据患者临床表现、流行病学史和病原学检测结果综合研判。    ②问：本次疫情病例临床表现上有什么特点？                        答：临床表现为发热、乏力等全身症状，伴有干咳，住院患者呼吸困难较为常见。绝大多数患者入院时生命体征大致平稳。    ③问：目前出现一例死亡病例，具体是什么情况？    答：患者为男性，61岁，因呼吸衰竭、重症肺炎入院，同时患有腹部肿瘤及慢性肝病。该患者常年在武汉市华南海鲜市场采购货物。入院后给予对症支持、抗感染、呼吸机辅助呼吸、持续ECMO体外生命支持等治疗后，症状无好转，于2020年1月9日晚心跳停止，经抢救无效死亡。病原学检测结果提示新型冠状病毒核酸阳性。死亡诊断为重症肺炎，急性呼吸窘迫综合征（重度），脓毒性休克，多器官功能衰竭，严重酸碱代谢紊乱，肝硬化。直接死亡原因为呼吸循环衰竭。    ④问：通报中说“自2020年1月3日以来未发现新发病例”，这意味着什么？    答：根据国家、省市专家的流行病学调查，这次武汉不明原因的病毒性肺炎病例发病全部在2019年12月8日到2020年1月2日之间。自2020年1月3日以后，临床和流行病学调查显示，没有发现新感染发病的病人。    ⑤问：如何理解“未发现明确的人传人证据”？    答：根据国家、省市专家的流行病学调查显示，这次武汉不明原因的病毒性肺炎病例大部分都有华南海鲜市场暴露史，目前没有发现明确的人传人证据。我们还在进一步开展流行病学调查和相关的实验室检验检测。另外，截止目前所有密切接触者包括医务人员都未发现相关病例。http://t.cn/AisnTAz0,812,6338,547,https://weibo.cn/comment/hot/IoXuCg8QS?rl=2
2020-01-11,#专家解读武汉不明原因肺炎#,【#专家解读武汉不明原因肺炎#：致病性较弱，情况可控】近日引起广泛关注的武汉不明原因的病毒性肺炎已初步判定是由一种新型冠状病毒引起。国家医疗专家组专家、北京大学第一医院呼吸和危重症医学科主任医师王广发称，目前来看该病毒的致病性较弱，病患病情和整体疫情处于可控状态。王广发介绍，确定病原对于疾病防治来说是个里程碑式的进展，初步认定了病原体，不仅可以用于临床甄别，设计PCR检测试剂盒，而且对后续的治疗方案和疫情防控都很重要。和一般性的细菌性肺炎相比，目前该病患者除了发烧、咳嗽之外，痰不多、白细胞不太多，有些病人出现淋巴细胞减少情况，胸部影像中双肺呈现散在的毛玻璃斑片状阴影，具有一定的特征。王广发称，目前已公布的患者中，已有部分康复出院，说明该病毒致病性比较弱，病情可控。不过他也认为，目前专家组对该病毒的认识仍在摸索阶段，未来是否会有新的变化仍需要进一步观察研究。（人民日报记者程远州）,521,4734,615,https://weibo.cn/comment/hot/IoWcBwB0d?rl=2
2020-01-03,#武汉发现不明原因病毒性肺炎重症11例#,【武汉卫健委：#武汉发现不明原因病毒性肺炎重症11例#】3日，#武汉卫健委通报不明原因肺炎#：2019年12月以来，我委开展呼吸道疾病及相关疾病监测，发现不明原因的病毒性肺炎病例，病例临床表现主要为发热，少数病人呼吸困难，胸片呈双肺浸润性病灶。截至2020年1月3日8时，共发现符合不明原因的病毒性肺炎诊断患者44例，其中重症11例，其余患者生命体征总体稳定。目前所有病例均在武汉市医疗机构接受隔离治疗，已经追踪到121名密切接触者并行医学观察，密切接触者的追踪工作仍在进行中。流行病学调查显示，部分病例为武汉市华南海鲜城经营户。截至目前，初步调查表明，未发现明显的人传人证据，未发现医务人员感染。病原鉴定（包括核酸检测和病毒分离培养）和病因溯源工作正在进行中，已排除流感、禽流感、腺病毒感染等常见呼吸道疾病。疫情发生后，国家和省卫生健康委高度重视，派出工作组和专家组赴武汉市，指导当地开展疫情应对和处置工作。武汉市卫生健康委在全市医疗机构开展相关病例搜索和回顾性调查，已完成对华南海鲜城的环境卫生处置工作，进一步的卫生学调查正在进行中。,3405,79181,7017,https://weibo.cn/comment/hot/InMVu0WYx?rl=2
2020-01-22,#致敬疫情前线医护人员#,【#致敬疫情前线医护人员#】他们“不计报酬，无论生死”；他们是冲在#抗击新型肺炎第一线#的医务工作者！转发致敬！也请你们注意安全！多多保重！（总台央视记者倪晶依 金珠） ,4379,35751,2826,https://weibo.cn/comment/hot/IqIpWgAqv?rl=2
2020-01-22,#工信部紧急协调口罩生产#,【#工信部紧急协调口罩生产# 确保市场供应】针对近日新型冠状病毒感染的肺炎疫情加重，导致相关类型口罩需求量暴增的情况，工信部正按照重大传染病联防联控工作机制要求，紧急协调各省、市、自治区工信部门组织本地口罩生产企业克服春节期间用工困难，尽快抓紧生产，有效保障市场供应。（总台央视记者孙蓟潍）,1539,208443,6640,https://weibo.cn/comment/hot/IqHv2736b?rl=2
2020-01-22,#肺炎疫情下的春运#,【直击！#肺炎疫情下的春运#】在交通枢纽人流密集的地方应如何做好疫情防控？各地踏上归乡旅途的人们现在出行情况如何？直播带你关注武汉、上海、天津等多地火车站、机场，直击肺炎疫情下的春运！ 央视新闻的微博直播 . ,1865,235254,25653,https://weibo.cn/comment/hot/IqEsCrowr?rl=2
2020-01-22,#新型肺炎暂无超级传播者#,【#新型肺炎暂无超级传播者#】中国科学院院士、中国疾病预防控制中心主任高福在国新办举行的新闻发布会上说，还没有证据说出现“超级传播者”，但我们会密切关注。“超级传播者”是指一名具有极高传染性的带病者，其比正常带病者更容易传染他人，而导致疫情大规模暴发。央视新闻的微博视频 ,477,12585,916,https://weibo.cn/comment/hot/IqDIp3fZ0?rl=2
2020-01-22,#新型肺炎病毒有变异的可能#,【#新型肺炎病毒有变异的可能# #新型肺炎疫情或进一步扩散#】今天上午国新办举行新闻发布会。国家卫健委李斌表示，专家研判认为，病例主要与武汉相关，已经出现了人传人和医务人员感染，存在一定范围的社区传播。新型冠状病毒传染源尚未找到，疫情传播途径尚未完全掌握，病毒存在变异的可能，疫情存在进一步扩散的风险。 http://t.cn/A6ve13D9,1618,34843,2154,https://weibo.cn/comment/hot/IqDl8tyrX?rl=2
2020-01-22,#国家卫健委专家组成员疑似感染#,【#国家卫健委专家组成员疑似感染#新型肺炎 在隔离治疗中】21日，记者从北京大学第一医院获悉，呼吸和危重症医学科主任王广发疑似感染新型冠状病毒肺炎，目前正在隔离治疗。王广发是新型肺炎专家组成员，曾随国家卫健委专家组前往武汉。2003年SARS疫情期间，王广发始终奋战第一线。祝早日康复！ ,2136,38670,3773,https://weibo.cn/comment/hot/IqCSrAXel?rl=2
2020-01-22,#央视记者探访武汉隔离病房#,【总台#央视记者探访武汉隔离病房#】昨天，总台央视记者走进武汉金银潭医院的重症监护隔离病房。在患者治疗区，记者看到，医务人员坐在病人床边，做各种操作及处理，做完后，需要及时记录。他们所做的电子病历都是密密麻麻的。据了解，医务人员每隔4小时换一班。#致敬疫情前线医护人员#！注意安全！（总台央视记者蒋晓平 乔全兴 张熙） http://t.cn/A6vehsV7,20084,706188,17381,https://weibo.cn/comment/hot/IqCAiENu6?rl=2
2020-01-22,#国内确诊324例新型冠状病毒肺炎病例#,【转发周知！一图了解新型肺炎疫情最新进展】截至今日7时，#国内确诊324例新型冠状病毒肺炎病例#。一张图了解疫情最新进展↓#预防新型冠状病毒肺炎#，保护好自己！ ,1463,15351,1269,https://weibo.cn/comment/hot/IqCssfVUH?rl=2
2020-01-22,#国内确诊324例新型冠状病毒肺炎病例#,【最新疫情！#国内确诊324例新型冠状病毒肺炎病例#】截至今日7时，我国共确诊324例新型冠状病毒感染的肺炎病例，14省市出现确诊病例，死亡6例。此次新型冠状病毒临床表现为：发热，乏力，呼吸道症状以干咳为主。提醒#预防新型冠状病毒肺炎#：戴口罩，勤洗手，少去人群聚集处！ ,13393,349434,22031,https://weibo.cn/comment/hot/IqClWC027?rl=2
2020-01-21,#昆明确诊首例新型肺炎#,【云南#昆明确诊首例新型肺炎#病例】今天，国家卫健委确认昆明市首例输入性新型冠状病毒感染的肺炎确诊病例。患者为51岁男性，湖北省武汉市户籍。15日自武汉来昆。因发热、乏力等症状，16日到云南省第三人民医院就诊，17日转诊到云南省传染病医院隔离治疗。今天，经国家卫生健康委疫情应对处置领导小组的专家评估确认，该病例为新型冠状病毒感染的肺炎确诊病例。经医院治疗，患者病情稳定好转。与患者密切接触者均追踪到位，经医学观察未见异常。（央视记者王溪）,1158,30340,3002,https://weibo.cn/comment/hot/IqzgM8eoK?rl=2
2020-01-21,#主播说联播#,#主播说联播#【#面对疫情不可掉以轻心#】为全力控制新型冠状病毒的蔓延，全国各地出台了一系列防控措施。面对疫情不能掉以轻心，防控疫情绝不能漫不经心。少去人流密集区、出门戴口罩，既是保护自己，也是对社会负责。疫情面前没必要恐慌，恐慌不是对付病毒的良方；唯有大家都行动，才能发挥防控的最大效用！ http://t.cn/A6vdSTsZ,2706,30385,1618,https://weibo.cn/comment/hot/IqyRw4xgS?rl=2
2020-01-21,#武汉疫情防控全面升级#,【直播！#武汉疫情防控全面升级#】武汉的疫情防控，今天开始全面升级。《新闻1+1》连线武汉市市长周先旺、国家卫健委卫生应急办公室主任许树强和国家卫健委专家组成员高占成。武汉新型冠状病毒肺炎疫情，防控如何？关注↓ 央视新闻的微博直播 . ,4779,477721,21125,https://weibo.cn/comment/hot/IqyrZlwrE?rl=2
2020-01-21,#确诊为新型肺炎患者特殊报销#,【国家医保局：对#确诊为新型肺炎患者特殊报销#政策】针对此次疫情特点，医保局决定对确诊为“新型冠状病毒感染肺炎”等患者采取特殊报销政策。①将国家卫生健康委《新型冠状病毒感染的肺炎诊疗方案》覆盖的药品和医疗服务项目，全部临时纳入医保基金支付范围。②保证及时支付患者费用，特别是发挥医疗救助资金的兜底保障作用，打消患者就医顾虑。对异地就医患者先救治后结算，报销不再执行异地转外就医支付比例调减规定，减少患者流动带来的传染风险。③对集中收治的医院，医保部门将预付资金减轻医院垫付压力，患者医疗费用不再纳入医院总额预算控制指标。（总台央视记者张萍）,1297,14975,1018,https://weibo.cn/comment/hot/IqxT5v4GO?rl=2
2020-01-21,#涉及武汉航班可免费办退票#,【民航局称#涉及武汉航班可免费办退票#】今天，民航局下发通知，要求各运输航空公司在做好新型冠状病毒感染的肺炎疫情防控工作的同时，高度重视旅客服务工作，针对已经购买涉及武汉航班机票的旅客，如有退票要求，航空公司应当予以免费办理。 ,365,9328,1271,https://weibo.cn/comment/hot/IqxDkyWKx?rl=2
2020-01-21,#武汉市长呼吁外面的人不要到武汉#,【#武汉市长呼吁外面的人不要到武汉#：武汉市民没特殊情况也不出武汉】武汉市市长周先旺接受央视专访时表示：目前武汉市的防控重点要#把人民生命安全放首位#。坚决防止疫情蔓延，市内不扩散、市外不输出，不能因武汉的疫情给其他城市带来压力。从1月14日开始，武汉市开始管控出行；20日开始，对进出武汉进行管控。他呼吁：原则上，我们建议外面的人不要到武汉，武汉的市民没有特殊情况也不要出武汉。人员的流动量减少，病毒传播的可能性就会小一些，防控救治的压力也小一些。（总台央视记者王涵） http://t.cn/A6vrXfMO,2885,74438,4546,https://weibo.cn/comment/hot/IqxgomIWZ?rl=2
2020-01-21,#台湾确诊首例新型冠状病毒肺炎患者#,【#台湾确诊首例新型冠状病毒肺炎患者#】台湾“流行疫情指挥中心”今天证实，一名50岁左右的台湾女性确诊感染2019新型冠状病毒。这是此次新型冠状病毒肺炎疫情扩散以来，第一起移入台湾的病例。据了解，这名患者是在武汉工作，在返台时主动告知机场检疫人员，目前正在隔离治疗中。（总台央视记者赵超逸）,2022,123633,5879,https://weibo.cn/comment/hot/Iqx3ssgwy?rl=2
2020-01-21,#中方公开透明通报新型冠状病毒疫情信息#,【外交部：#中方公开透明通报新型冠状病毒疫情信息#】今天世卫组织宣布，将于当地时间22日在日内瓦总部召开相关会议，评估当前“新型冠状病毒感染的肺炎疫情”是否构成“国际关注的突发公共卫生事件”。对此，外交部发言人耿爽表示，本着公开、透明，及对全球卫生安全高度负责的态度，中方将参加会议分享疫情信息，并对疫情进行科学研判。中方愿继续深化国际合作，与国际社会携手应对疫情，共同维护地区和全球的卫生安全。（总台央视记者申杨）http://t.cn/A6vBHcbq,575,16415,1324,https://weibo.cn/comment/hot/Iqw6ph8vQ?rl=2
2020-01-21,#武汉对进出武汉人员管控#,【遏制疫情扩散！#武汉对进出武汉人员管控#】据武汉市卫健委，为坚决遏制新型冠状病毒感染引起的肺炎疫情扩散，武汉市对进出武汉人员加强管控。#武汉市旅游团队不组团外出#，公安交管部门对进出武汉的私家车辆进行抽检，检查后备箱是否携带活禽、野生动物等。武汉加强对公共场所及公共交通的管理，自1月14日起，在机场、火车站、长途汽车站、客运码头迅速安装红外线测温仪35台，配备手持红外线测温仪300余台，各区正在陆续加大配备力度；在“三站一场”设置体温检测点、排查点，加强离汉旅客体温检测工作；对出现发热的旅客进行登记、发放宣传册和口罩、免费办理退票或改签手续、指导转诊到辖区医疗机构，并进行登记报告。1月19日，武汉再次部署出境离汉人员检测排查工作。同时，对市内公共交通工具强化进行“日消毒”和“每班次通风”。（总台央视记者倪晶依）,2260,60868,4021,https://weibo.cn/comment/hot/IqvBTdC1u?rl=2
2020-01-21,#钟南山谈疫情#,#钟南山谈疫情#【转存！#让更多人了解新型冠状病毒#】①确定可以人传人；②病毒很可能来自野味；③它与SARS病毒不同，目前病毒感染正在爬坡；④已有医护人员感染新型冠状病毒；⑤没有特殊情况不要去武汉，有感冒要及时就诊；⑥不一定非要带N95口罩，普通（外科）口罩也可阻挡飞沫传播。周知！ ,7499,26946,2055,https://weibo.cn/comment/hot/IqtUKo5xH?rl=2
2020-01-21,#武汉市成立疫情防控指挥部#,【#武汉市成立疫情防控指挥部#】武汉市成立市新型冠状病毒感染的肺炎疫情防控指挥部，统一领导、指挥全市疫情防控工作。①新型冠状病毒感染的肺炎已纳入乙类传染病、采取甲类管理。②对重症患者“一人一方案”“一人一团队”；强化医务人员防护，严格控制医院感染。③把好机场车站码头体温筛检关口。④及时公开透明向社会通报疫情态势和防控工作进展，统一发布权威信息，普及防控知识。⑤引导市民勤洗手、戴口罩，养成良好的公共卫生行为规范。⑥启动战时值班备勤机制，加强春节期间在岗值守。（武汉发布）,1043,16377,1734,https://weibo.cn/comment/hot/IqttJvLc4?rl=2
2020-01-20,#有医务人员被传染新型冠状病毒肺炎#,【#有医务人员被传染新型冠状病毒肺炎#】钟南山：普通人要提高对新型冠状病毒肺炎的认识，现在已经存在有人传人，同时医务人员也有传染，所要要提高警惕。①没有特殊情况不要去武汉；②有感冒要到发热门诊就诊；③要戴口罩。转发记下！#钟南山谈疫情# 央视新闻的微博视频 ,21524,187471,9692,https://weibo.cn/comment/hot/IqpuIcpgt?rl=2
2020-01-20,#钟南山表示不一定非戴N95口罩#,【#钟南山表示不一定非戴N95口罩#】钟南山：实际不一定非要戴N95口罩，一般的口罩是能阻挡大部分带有病毒的飞沫进入呼吸道的，预防新型冠状病毒，戴口罩还是有用的。#钟南山谈疫情# 央视新闻的微博视频 ,8500,62509,3593,https://weibo.cn/comment/hot/IqppKBqdU?rl=2
2020-01-20,#新型冠状病毒肺炎很可能来自野味#,【钟南山：#新型冠状病毒肺炎很可能来自野味#】#钟南山谈疫情#央视新闻的微博视频 ,5340,57143,3127,https://weibo.cn/comment/hot/IqpaF6hPc?rl=2
2020-01-20,#钟南山谈疫情#,【直播！#钟南山谈疫情#】两天时间，#武汉新增136例新型冠状病毒肺炎病例#。北京、深圳，也出现确诊病例。疫情20多天，防控进展如何？《新闻1+1》今日连线国家卫健委专家组组长钟南山，关注！ 央视新闻的微博直播 . ,39429,1539726,40439,https://weibo.cn/comment/hot/IqoVt0COS?rl=2
2020-01-20,#上海确诊首例新型冠状病毒感染肺炎#,【#上海确诊首例新型冠状病毒感染肺炎# 自武汉来沪】今晚，国家卫生健康委确认上海市首例输入性新型冠状病毒感染的肺炎确诊病例。患者为56岁女性，湖北省武汉市户籍。1月12日自武汉来沪后，因发热、乏力等症状，于1月15日在本市一发热门诊就诊后即被收治入院隔离治疗。经上海市疾控部门检测，并经中国疾控中心复核，新型冠状病毒核酸检测结果为阳性。1月20日，经国家卫健委疫情应对处置领导小组的专家评估确认，该病例为新型冠状病毒感染的肺炎确诊病例。现患者体温正常，生命体征平稳，其2名在沪密切接触者正在医学观察。（总台央视记者陈雯 池平）,4848,652065,24381,https://weibo.cn/comment/hot/Iqohp9rSz?rl=2
2020-01-20,#外交部回应新型冠状病毒肺炎疫情#,【#外交部回应新型冠状病毒肺炎疫情# 中方将同各方携手应对疫情】关于中国与其他国家共同应对武汉新型冠状病毒的情况，中国外交部发言人耿爽在今天的例行记者会上表示，我想强调指出的是疫情发生以来，中方本着严肃、认真、专业的态度，予以积极的处置，制定严密的防控方案，全力救治患者，做好密切接触者的管理，深入开展流行病学调查，对外及时发布疫情防治有关信息，并且积极开展防病知识的宣传，与此同时，中方本着负责任的态度，及时向世界卫生组织、有关国家和地区组织以及港澳台地区通报疫情信息，并保持密切沟通。我们第一时间向世界卫生组织分享了新型冠状病毒的基因序列信息。在接到有关国家相关病例的通报后，中方高度重视，通过双多边渠道与各方保持密切沟通，加强合作。如果其他国家也发现相关的疑似输入性病例，我们欢迎第一时间通过官方渠道向中方通报情况，促进严防严控。我们将同各方一道携手应对疫情，共同维护地区和全球的卫生安全。（总台央视记者申杨 毕磊） http://t.cn/A6vEN2BA,1003,7101,1059,https://weibo.cn/comment/hot/IqmGLjMXn?rl=2
2020-01-20,#浙江发现5例武汉来浙发热呼吸道症状患者#,【#浙江发现5例武汉来浙发热呼吸道症状患者#】浙江卫健委通报：1月17日以来，温州、舟山、台州、杭州陆续发现5例武汉来浙并出现发热等呼吸道症状患者，目前均在定点医院隔离治疗，病情稳定，密切接触者已实行医学观察。患者实验室检验结果正在按规定复核中，一旦确诊，将及时向社会公布。自国家卫生健康委公布武汉不明原因肺炎疫情以来，浙江高度重视新型冠状病毒感染的肺炎防控工作，根据省委、省政府要求，各级卫生健康部门迅速全面响应，相继成立专项工作组和专家组，及时制定各项应急措施和工作方案。目前，我省各级各类医疗机构和疾病预防控制机构已全面加强预检分诊和发热门诊的力量配置，规范开展对可疑病例的监测、筛查、诊断治疗和处置工作。全省各地深入开展爱国卫生运动，加强环境整治，做好农贸市场管理，全面落实各项防控措施。临近春节，人员流动频繁，又值冬春季呼吸道传染病高发季节。专家提醒，广大人民群众要切实做好个人卫生防护，注意保持室内环境卫生和空气流通，尽量减少到空气不流通或人流密集的公众场合活动，如有发热、呼吸道感染症状，请及时到当地医疗机构发热门诊就诊。（总台央视记者高珧）,1955,23372,3222,https://weibo.cn/comment/hot/IqkydFW0z?rl=2
2020-01-20,#广东确诊1例新型冠状病毒感染肺炎病例#,【#广东确诊1例新型冠状病毒感染肺炎病例#】1月19日，国家卫生健康委确认广东省首例输入性新型冠状病毒感染的肺炎确诊病例。患者为66岁男性，现居深圳，2019年12月29日赴武汉探亲，2020年1月3日出现发热、乏力等症状，1月4日返深后就诊，1月11日转至深圳市定点医院隔离治疗。经省、市疾控中心采用优化后的检测试剂盒检测，呈新型冠状病毒核酸阳性。1月18日，标本送至中国疾控中心进行病毒核酸复核检测，结果为阳性。1月19日，经国家卫生健康委疫情领导小组下设的诊断组专家，结合《新型冠状病毒感染的肺炎诊疗方案（试行第二版）》内容，对该病例进行评估确认，专家组一致同意将该病例确认为新型冠状病毒感染的肺炎确诊病例。现患者病情稳定。已对密切接触者进行追踪随访。当前，正全力救治患者，深入开展流行病学调查，加强密切接触者跟踪管理，强化发热门诊预检分诊，规范开展对可疑病例的监测、筛查、诊断治疗和处置工作，深入开展爱国卫生运动，加强环境整治，做好农贸市场管理，取缔违法售卖野生动物行为，全面落实各项防控措施。专家研判认为，当前疫情仍可防可控。专家提醒，目前正处于冬春季呼吸道传染病高发季节，市民要做好个人卫生防护，注意保持室内环境卫生和空气流通，尽量减少到空气不流通或人流密集的公众场合活动，如有发热、呼吸道感染症状，请及时到医疗机构就诊。,5293,229685,10853,https://weibo.cn/comment/hot/IqhADEfCM?rl=2
2020-01-11,#专家解读不明原因肺炎最新通报#,【#专家解读不明原因肺炎最新通报#】问：本次疫情病例是怎样诊断的？答：根据患者临床表现、流行病学史和病原学检测结果综合研判。问：本次疫情病例临床表现上有什么特点？答：临床表现为发热、乏力等全身症状，伴有干咳，住院患者呼吸困难较为常见。绝大多数患者入院时生命体征大致平稳。问：目前出现一例死亡病例，具体是什么情况？答：患者为男性，61岁，因呼吸衰竭、重症肺炎入院，同时患有腹部肿瘤及慢性肝病。该患者常年在武汉市华南海鲜市场采购货物。入院后给予对症支持、抗感染、呼吸机辅助呼吸、持续ECMO体外生命支持等治疗后，症状无好转，于2020年1月9日晚心跳停止，经抢救无效死亡。病原学检测结果提示新型冠状病毒核酸阳性。死亡诊断为重症肺炎，急性呼吸窘迫综合征（重度），脓毒性休克，多器官功能衰竭，严重酸碱代谢紊乱，肝硬化。直接死亡原因为呼吸循环衰竭。问：通报中说“自2020年1月3日以来未发现新发病例”，这意味着什么？答：根据国家、省市专家的流行病学调查，这次武汉不明原因的病毒性肺炎病例发病全部在2019年12月8日到2020年1月2日之间。自2020年1月3日以后，临床和流行病学调查显示，没有发现新感染发病的病人。问：如何理解“未发现明确的人传人证据”？答：根据国家、省市专家的流行病学调查显示，这次武汉不明原因的病毒性肺炎病例大部分都有华南海鲜市场暴露史，目前没有发现明确的人传人证据。我们还在进一步开展流行病学调查和相关的实验室检验检测。另外，截止目前所有密切接触者包括医务人员都未发现相关病例。（武汉市卫生健康委员会）,518,3159,384,https://weibo.cn/comment/hot/IoXmpa5j2?rl=2
2020-01-11,#武汉通报不明原因肺炎情况#,【#武汉通报不明原因肺炎情况#】在“不明原因的病毒性肺炎”病原体初步判定为新型冠状病毒之后，国家、省市专家组立即对不明原因的病毒性肺炎诊疗、监测等方案进行修订完善。武汉市卫生健康委组织对现有患者标本进行了检测，截至2020年1月10日24时，已完成病原核酸检测。国家、省市专家组对收入医院观察、治疗的患者临床表现、流行病学史、实验室检测结果等进行综合研判，初步诊断有新型冠状病毒感染的肺炎病例41例，其中已出院2例、重症7例、死亡1例，其余患者病情稳定。所有密切接触者739人，其中医务人员419人，均已接受医学观察，没有发现相关病例。疫情发生以来，武汉市在国家和湖北省的支持下，各相关部门通力协作，防治工作有序进行：一是全力救治患者。制定诊疗工作方案，切实做到早发现、早诊断、早隔离、早治疗，集中专家和资源全力救治。二是深入开展流行病学调查。调查发现患者主要为武汉市华南海鲜批发市场经营、采购人员，2020年1月1日已对华南海鲜批发市场采取休市措施，并对全市公共场所，特别是农贸市场进一步加强防病指导和环境卫生管理。三是广泛宣传防病知识，增强公众自我防护意识。四是配合国家和省进行病原学研究。五是配合国家卫生健康委及时向世界卫生组织等通报疫情信息。自2020年1月3日以来未发现新发病例。目前，未发现医务人员感染，未发现明确的人传人证据。我市将继续加强患者救治、流行病学调查，深入开展爱国卫生运动，做好防病知识普及，维护人民群众身体健康。当前，正处于冬春季传染病高发季节，公众要保持室内空气流通，尽量避免到封闭、空气不流通的公众场合和人群集中地方，必要时可佩戴口罩。如有发热、呼吸道感染症状，特别是持续发热不退，要及时到医疗机构就诊。（总台记者王涵 佘利霞）,1338,5131,1329,https://weibo.cn/comment/hot/IoWrwpsE1?rl=2
2020-01-09,#武汉不明原因肺炎病原体为新型冠状病毒#,【#武汉不明原因肺炎病原体为新型冠状病毒#】就武汉不明原因的病毒性肺炎疫情病原学鉴定进展问题，截至7日21时，专家组认为，本次不明原因的病毒性肺炎病例的病原体初步判定为新型冠状病毒。获得该病毒的全基因组序列，经核酸检测方法共检出新型冠状病毒阳性结果15例，从1例阳性病人样本中分离出该病毒，电镜下呈现典型的冠状病毒形态。（央视记者史迎春）,8522,123952,8301,https://weibo.cn/comment/hot/IoE0ZyrWd?rl=2
2019-12-31,#武汉市卫健委通报肺炎疫情情况#,【#武汉市卫健委通报肺炎疫情情况#：未发现明显人传人现象】据湖北武汉市卫健委：近期武汉部分医疗机构已发现27例病毒性肺炎病例，均已隔离治疗。病例临床表现主要为发热，少数病人呼吸困难，胸片呈双肺浸润性病灶。目前尚未发现明显人传人现象，未发现医务人员感染。对病原检测及感染原因的调查正在进行中。http://t.cn/AiF8IqmT,2117,37025,3939,https://weibo.cn/comment/hot/InjmYsLSS?rl=2
